firstName,lastName,email,password,phoneNumber,address,cardNumber,nameOnCard,csc,expirationMonth,expirationYear,billingAddress
China,China,dfds12@gmail.com,1234567,999999999,Telmana 33,888888888,Fa Ma,222,2020/12/12,2021,fsfdsfsd
India,India,dfds22@gmail.com,1234567,999999999,Telmana 33,888888888,Fa Ma,222,2020/12/12,2021,fsfdsfsd
United States,United States,dfds24@gmail.com,1234567,999999999,Telmana 33,888888888,Fa Ma,222,2020/12/12,2021,fsfdsfsd
Indonesia,Indonesia,dfd1s2@gmail.com,1234567,999999999,Telmana 33,888888888,Fa Ma,222,2020/12/12,2021,fsfdsfsd
Brazil,Brazil,d5fds2@gmail.com,1234567,999999999,Telmana 33,888888888,Fa Ma,222,2020/12/12,2021,fsfdsfsd
Pakistan,Pakistan,dfds112@gmail.com,1234567,999999999,Telmana 33,888888888,Fa Ma,222,2020/12/12,2021,fsfdsfsd
Nigeria,Nigeria,dfd22s2@gmail.com,1234567,999999999,Telmana 33,888888888,Fa Ma,222,2020/12/12,2021,fsfdsfsd
Bangladesh,Bangladesh,dfd55s2@gmail.com,1234567,999999999,Telmana 33,888888888,Fa Ma,222,2020/12/12,2021,fsfdsfsd
Russia,Russia,dfd32s2@gmail.com,1234567,999999999,Telmana 33,888888888,Fa Ma,222,2020/12/12,2021,fsfdsfsd
Mexico,Mexico,dfd256s2@gmail.com,1234567,999999999,Telmana 33,888888888,Fa Ma,222,2020/12/12,2021,fsfdsfsd
Indonesia,Indonesia,dfds2@gmail.com,1234567,999999999,Telmana 33,888888888,Fa Ma,222,2020/12/12,2021,fsfdsfsd
Brazil,Brazil,dfd125s2@gmail.com,1234567,999999999,Telmana 33,888888888,Fa Ma,222,2020/12/12,2021,fsfdsfsd
Pakistan,Pakistan,dfds772@gmail.com,1234567,999999999,Telmana 33,888888888,Fa Ma,222,2020/12/12,2021,fsfdsfsd
Nigeria,Nigeria,dfds882@gmail.com,1234567,999999999,Telmana 33,888888888,Fa Ma,222,2020/12/12,2021,fsfdsfsd
Bangladesh,Bangladesh,dfds782@gmail.com,1234567,999999999,Telmana 33,888888888,Fa Ma,222,2020/12/12,2021,fsfdsfsd
Russia,Russia,dfds142@gmail.com,1234567,999999999,Telmana 33,888888888,Fa Ma,222,2020/12/12,2021,fsfdsfsd
Mexico,Mexico,dfds732@gmail.com,1234567,999999999,Telmana 33,888888888,Fa Ma,222,2020/12/12,2021,fsfdsfsd
